ImageNumber,ObjectNumber,Metadata_Assay,Metadata_Date,Metadata_FileLocation,Metadata_Frame,Metadata_Magnification,Metadata_Plate,Metadata_Series,Metadata_Well,Metadata_Well,Metadata_wavelength,FileName_RawBF,FileName_RawRFP,FileName_well_mask,PathName_RawBF,PathName_RawRFP,PathName_well_mask,Children_dauerMod_NonOverlappingWorms_Count,Children_nondauerMod_NonOverlappingWorms_Count,Location_Center_X,Location_Center_Y,Location_Center_Z,Number_Object_Number
1,1,dauerProtocol3,20220427,nan,0,m2X,p001,0,B01,B01,nan,20220427-dauerProtocol3-p001-m2X_B01_w1.TIF,20220427-dauerProtocol3-p001-m2X_B01_w2.TIF,wellmask_98.png,/Users/timcrombie/Desktop/CP_test3/raw_images,/Users/timcrombie/Desktop/CP_test3/raw_images,/Users/timcrombie/Desktop/CP_test3/well_mask,1,1,1045.6004938271606,199.69234567901233,0,1
1,2,dauerProtocol3,20220427,nan,0,m2X,p001,0,B01,B01,nan,20220427-dauerProtocol3-p001-m2X_B01_w1.TIF,20220427-dauerProtocol3-p001-m2X_B01_w2.TIF,wellmask_98.png,/Users/timcrombie/Desktop/CP_test3/raw_images,/Users/timcrombie/Desktop/CP_test3/raw_images,/Users/timcrombie/Desktop/CP_test3/well_mask,0,0,1123.480239520958,173.49101796407186,0,2
1,3,dauerProtocol3,20220427,nan,0,m2X,p001,0,B01,B01,nan,20220427-dauerProtocol3-p001-m2X_B01_w1.TIF,20220427-dauerProtocol3-p001-m2X_B01_w2.TIF,wellmask_98.png,/Users/timcrombie/Desktop/CP_test3/raw_images,/Users/timcrombie/Desktop/CP_test3/raw_images,/Users/timcrombie/Desktop/CP_test3/well_mask,1,1,1217.2053646269908,340.44551550712487,0,3
1,4,dauerProtocol3,20220427,nan,0,m2X,p001,0,B01,B01,nan,20220427-dauerProtocol3-p001-m2X_B01_w1.TIF,20220427-dauerProtocol3-p001-m2X_B01_w2.TIF,wellmask_98.png,/Users/timcrombie/Desktop/CP_test3/raw_images,/Users/timcrombie/Desktop/CP_test3/raw_images,/Users/timcrombie/Desktop/CP_test3/well_mask,1,1,707.2182261505639,337.27826882048157,0,4
1,5,dauerProtocol3,20220427,nan,0,m2X,p001,0,B01,B01,nan,20220427-dauerProtocol3-p001-m2X_B01_w1.TIF,20220427-dauerProtocol3-p001-m2X_B01_w2.TIF,wellmask_98.png,/Users/timcrombie/Desktop/CP_test3/raw_images,/Users/timcrombie/Desktop/CP_test3/raw_images,/Users/timcrombie/Desktop/CP_test3/well_mask,0,0,1462.793670886076,347.1759493670886,0,5
1,6,dauerProtocol3,20220427,nan,0,m2X,p001,0,B01,B01,nan,20220427-dauerProtocol3-p001-m2X_B01_w1.TIF,20220427-dauerProtocol3-p001-m2X_B01_w2.TIF,wellmask_98.png,/Users/timcrombie/Desktop/CP_test3/raw_images,/Users/timcrombie/Desktop/CP_test3/raw_images,/Users/timcrombie/Desktop/CP_test3/well_mask,0,0,1135.0459770114942,343.4022988505747,0,6
1,7,dauerProtocol3,20220427,nan,0,m2X,p001,0,B01,B01,nan,20220427-dauerProtocol3-p001-m2X_B01_w1.TIF,20220427-dauerProtocol3-p001-m2X_B01_w2.TIF,wellmask_98.png,/Users/timcrombie/Desktop/CP_test3/raw_images,/Users/timcrombie/Desktop/CP_test3/raw_images,/Users/timcrombie/Desktop/CP_test3/well_mask,1,1,1362.733691164327,362.1886870355078,0,7
1,8,dauerProtocol3,20220427,nan,0,m2X,p001,0,B01,B01,nan,20220427-dauerProtocol3-p001-m2X_B01_w1.TIF,20220427-dauerProtocol3-p001-m2X_B01_w2.TIF,wellmask_98.png,/Users/timcrombie/Desktop/CP_test3/raw_images,/Users/timcrombie/Desktop/CP_test3/raw_images,/Users/timcrombie/Desktop/CP_test3/well_mask,1,0,820.4792452830188,441.9861635220126,0,8
1,9,dauerProtocol3,20220427,nan,0,m2X,p001,0,B01,B01,nan,20220427-dauerProtocol3-p001-m2X_B01_w1.TIF,20220427-dauerProtocol3-p001-m2X_B01_w2.TIF,wellmask_98.png,/Users/timcrombie/Desktop/CP_test3/raw_images,/Users/timcrombie/Desktop/CP_test3/raw_images,/Users/timcrombie/Desktop/CP_test3/well_mask,2,0,1411.6787858572382,538.7571714476318,0,9
1,10,dauerProtocol3,20220427,nan,0,m2X,p001,0,B01,B01,nan,20220427-dauerProtocol3-p001-m2X_B01_w1.TIF,20220427-dauerProtocol3-p001-m2X_B01_w2.TIF,wellmask_98.png,/Users/timcrombie/Desktop/CP_test3/raw_images,/Users/timcrombie/Desktop/CP_test3/raw_images,/Users/timcrombie/Desktop/CP_test3/well_mask,2,1,1099.6699330783938,515.6264340344168,0,10
1,11,dauerProtocol3,20220427,nan,0,m2X,p001,0,B01,B01,nan,20220427-dauerProtocol3-p001-m2X_B01_w1.TIF,20220427-dauerProtocol3-p001-m2X_B01_w2.TIF,wellmask_98.png,/Users/timcrombie/Desktop/CP_test3/raw_images,/Users/timcrombie/Desktop/CP_test3/raw_images,/Users/timcrombie/Desktop/CP_test3/well_mask,1,1,1201.6918859649122,479.92269736842104,0,11
1,12,dauerProtocol3,20220427,nan,0,m2X,p001,0,B01,B01,nan,20220427-dauerProtocol3-p001-m2X_B01_w1.TIF,20220427-dauerProtocol3-p001-m2X_B01_w2.TIF,wellmask_98.png,/Users/timcrombie/Desktop/CP_test3/raw_images,/Users/timcrombie/Desktop/CP_test3/raw_images,/Users/timcrombie/Desktop/CP_test3/well_mask,0,0,1246.069306930693,503.0495049504951,0,12
1,13,dauerProtocol3,20220427,nan,0,m2X,p001,0,B01,B01,nan,20220427-dauerProtocol3-p001-m2X_B01_w1.TIF,20220427-dauerProtocol3-p001-m2X_B01_w2.TIF,wellmask_98.png,/Users/timcrombie/Desktop/CP_test3/raw_images,/Users/timcrombie/Desktop/CP_test3/raw_images,/Users/timcrombie/Desktop/CP_test3/well_mask,1,0,936.5462645647704,585.6847155586017,0,13
1,14,dauerProtocol3,20220427,nan,0,m2X,p001,0,B01,B01,nan,20220427-dauerProtocol3-p001-m2X_B01_w1.TIF,20220427-dauerProtocol3-p001-m2X_B01_w2.TIF,wellmask_98.png,/Users/timcrombie/Desktop/CP_test3/raw_images,/Users/timcrombie/Desktop/CP_test3/raw_images,/Users/timcrombie/Desktop/CP_test3/well_mask,1,0,1356.92695035461,703.9219858156029,0,14
1,15,dauerProtocol3,20220427,nan,0,m2X,p001,0,B01,B01,nan,20220427-dauerProtocol3-p001-m2X_B01_w1.TIF,20220427-dauerProtocol3-p001-m2X_B01_w2.TIF,wellmask_98.png,/Users/timcrombie/Desktop/CP_test3/raw_images,/Users/timcrombie/Desktop/CP_test3/raw_images,/Users/timcrombie/Desktop/CP_test3/well_mask,0,0,538.5327433628319,635.29203539823,0,15
1,16,dauerProtocol3,20220427,nan,0,m2X,p001,0,B01,B01,nan,20220427-dauerProtocol3-p001-m2X_B01_w1.TIF,20220427-dauerProtocol3-p001-m2X_B01_w2.TIF,wellmask_98.png,/Users/timcrombie/Desktop/CP_test3/raw_images,/Users/timcrombie/Desktop/CP_test3/raw_images,/Users/timcrombie/Desktop/CP_test3/well_mask,1,1,1502.3529411764705,761.1025641025641,0,16
1,17,dauerProtocol3,20220427,nan,0,m2X,p001,0,B01,B01,nan,20220427-dauerProtocol3-p001-m2X_B01_w1.TIF,20220427-dauerProtocol3-p001-m2X_B01_w2.TIF,wellmask_98.png,/Users/timcrombie/Desktop/CP_test3/raw_images,/Users/timcrombie/Desktop/CP_test3/raw_images,/Users/timcrombie/Desktop/CP_test3/well_mask,0,0,1495.8108108108108,729.3351351351351,0,17
1,18,dauerProtocol3,20220427,nan,0,m2X,p001,0,B01,B01,nan,20220427-dauerProtocol3-p001-m2X_B01_w1.TIF,20220427-dauerProtocol3-p001-m2X_B01_w2.TIF,wellmask_98.png,/Users/timcrombie/Desktop/CP_test3/raw_images,/Users/timcrombie/Desktop/CP_test3/raw_images,/Users/timcrombie/Desktop/CP_test3/well_mask,0,0,1473.5826446280992,739.00826446281,0,18
1,19,dauerProtocol3,20220427,nan,0,m2X,p001,0,B01,B01,nan,20220427-dauerProtocol3-p001-m2X_B01_w1.TIF,20220427-dauerProtocol3-p001-m2X_B01_w2.TIF,wellmask_98.png,/Users/timcrombie/Desktop/CP_test3/raw_images,/Users/timcrombie/Desktop/CP_test3/raw_images,/Users/timcrombie/Desktop/CP_test3/well_mask,0,0,1491.8848920863309,745.2517985611511,0,19
1,20,dauerProtocol3,20220427,nan,0,m2X,p001,0,B01,B01,nan,20220427-dauerProtocol3-p001-m2X_B01_w1.TIF,20220427-dauerProtocol3-p001-m2X_B01_w2.TIF,wellmask_98.png,/Users/timcrombie/Desktop/CP_test3/raw_images,/Users/timcrombie/Desktop/CP_test3/raw_images,/Users/timcrombie/Desktop/CP_test3/well_mask,1,1,739.2638977635783,813.555910543131,0,20
1,21,dauerProtocol3,20220427,nan,0,m2X,p001,0,B01,B01,nan,20220427-dauerProtocol3-p001-m2X_B01_w1.TIF,20220427-dauerProtocol3-p001-m2X_B01_w2.TIF,wellmask_98.png,/Users/timcrombie/Desktop/CP_test3/raw_images,/Users/timcrombie/Desktop/CP_test3/raw_images,/Users/timcrombie/Desktop/CP_test3/well_mask,1,1,518.4816258351893,870.1152561247216,0,21
1,22,dauerProtocol3,20220427,nan,0,m2X,p001,0,B01,B01,nan,20220427-dauerProtocol3-p001-m2X_B01_w1.TIF,20220427-dauerProtocol3-p001-m2X_B01_w2.TIF,wellmask_98.png,/Users/timcrombie/Desktop/CP_test3/raw_images,/Users/timcrombie/Desktop/CP_test3/raw_images,/Users/timcrombie/Desktop/CP_test3/well_mask,1,1,721.7234426722841,935.2317183268132,0,22
1,23,dauerProtocol3,20220427,nan,0,m2X,p001,0,B01,B01,nan,20220427-dauerProtocol3-p001-m2X_B01_w1.TIF,20220427-dauerProtocol3-p001-m2X_B01_w2.TIF,wellmask_98.png,/Users/timcrombie/Desktop/CP_test3/raw_images,/Users/timcrombie/Desktop/CP_test3/raw_images,/Users/timcrombie/Desktop/CP_test3/well_mask,0,1,1560.334879406308,1052.6150278293135,0,23
1,24,dauerProtocol3,20220427,nan,0,m2X,p001,0,B01,B01,nan,20220427-dauerProtocol3-p001-m2X_B01_w1.TIF,20220427-dauerProtocol3-p001-m2X_B01_w2.TIF,wellmask_98.png,/Users/timcrombie/Desktop/CP_test3/raw_images,/Users/timcrombie/Desktop/CP_test3/raw_images,/Users/timcrombie/Desktop/CP_test3/well_mask,1,1,188.098111227702,1045.4139559286464,0,24
1,25,dauerProtocol3,20220427,nan,0,m2X,p001,0,B01,B01,nan,20220427-dauerProtocol3-p001-m2X_B01_w1.TIF,20220427-dauerProtocol3-p001-m2X_B01_w2.TIF,wellmask_98.png,/Users/timcrombie/Desktop/CP_test3/raw_images,/Users/timcrombie/Desktop/CP_test3/raw_images,/Users/timcrombie/Desktop/CP_test3/well_mask,0,0,1196.9133574007221,1016.7220216606498,0,25
1,26,dauerProtocol3,20220427,nan,0,m2X,p001,0,B01,B01,nan,20220427-dauerProtocol3-p001-m2X_B01_w1.TIF,20220427-dauerProtocol3-p001-m2X_B01_w2.TIF,wellmask_98.png,/Users/timcrombie/Desktop/CP_test3/raw_images,/Users/timcrombie/Desktop/CP_test3/raw_images,/Users/timcrombie/Desktop/CP_test3/well_mask,0,0,1107.9304812834225,1010.3957219251337,0,26
1,27,dauerProtocol3,20220427,nan,0,m2X,p001,0,B01,B01,nan,20220427-dauerProtocol3-p001-m2X_B01_w1.TIF,20220427-dauerProtocol3-p001-m2X_B01_w2.TIF,wellmask_98.png,/Users/timcrombie/Desktop/CP_test3/raw_images,/Users/timcrombie/Desktop/CP_test3/raw_images,/Users/timcrombie/Desktop/CP_test3/well_mask,0,0,1802.9595375722542,1024.413294797688,0,27
1,28,dauerProtocol3,20220427,nan,0,m2X,p001,0,B01,B01,nan,20220427-dauerProtocol3-p001-m2X_B01_w1.TIF,20220427-dauerProtocol3-p001-m2X_B01_w2.TIF,wellmask_98.png,/Users/timcrombie/Desktop/CP_test3/raw_images,/Users/timcrombie/Desktop/CP_test3/raw_images,/Users/timcrombie/Desktop/CP_test3/well_mask,3,1,527.3086308178943,1093.4628709142944,0,28
1,29,dauerProtocol3,20220427,nan,0,m2X,p001,0,B01,B01,nan,20220427-dauerProtocol3-p001-m2X_B01_w1.TIF,20220427-dauerProtocol3-p001-m2X_B01_w2.TIF,wellmask_98.png,/Users/timcrombie/Desktop/CP_test3/raw_images,/Users/timcrombie/Desktop/CP_test3/raw_images,/Users/timcrombie/Desktop/CP_test3/well_mask,1,1,1179.026936026936,1207.7121212121212,0,29
1,30,dauerProtocol3,20220427,nan,0,m2X,p001,0,B01,B01,nan,20220427-dauerProtocol3-p001-m2X_B01_w1.TIF,20220427-dauerProtocol3-p001-m2X_B01_w2.TIF,wellmask_98.png,/Users/timcrombie/Desktop/CP_test3/raw_images,/Users/timcrombie/Desktop/CP_test3/raw_images,/Users/timcrombie/Desktop/CP_test3/well_mask,0,0,1144.9649681528663,1148.8312101910828,0,30
1,31,dauerProtocol3,20220427,nan,0,m2X,p001,0,B01,B01,nan,20220427-dauerProtocol3-p001-m2X_B01_w1.TIF,20220427-dauerProtocol3-p001-m2X_B01_w2.TIF,wellmask_98.png,/Users/timcrombie/Desktop/CP_test3/raw_images,/Users/timcrombie/Desktop/CP_test3/raw_images,/Users/timcrombie/Desktop/CP_test3/well_mask,1,1,237.752984767394,1282.0362289007821,0,31
1,32,dauerProtocol3,20220427,nan,0,m2X,p001,0,B01,B01,nan,20220427-dauerProtocol3-p001-m2X_B01_w1.TIF,20220427-dauerProtocol3-p001-m2X_B01_w2.TIF,wellmask_98.png,/Users/timcrombie/Desktop/CP_test3/raw_images,/Users/timcrombie/Desktop/CP_test3/raw_images,/Users/timcrombie/Desktop/CP_test3/well_mask,2,1,1732.9481707317073,1219.198475609756,0,32
1,33,dauerProtocol3,20220427,nan,0,m2X,p001,0,B01,B01,nan,20220427-dauerProtocol3-p001-m2X_B01_w1.TIF,20220427-dauerProtocol3-p001-m2X_B01_w2.TIF,wellmask_98.png,/Users/timcrombie/Desktop/CP_test3/raw_images,/Users/timcrombie/Desktop/CP_test3/raw_images,/Users/timcrombie/Desktop/CP_test3/well_mask,1,1,405.04989154013015,1337.3655097613882,0,33
1,34,dauerProtocol3,20220427,nan,0,m2X,p001,0,B01,B01,nan,20220427-dauerProtocol3-p001-m2X_B01_w1.TIF,20220427-dauerProtocol3-p001-m2X_B01_w2.TIF,wellmask_98.png,/Users/timcrombie/Desktop/CP_test3/raw_images,/Users/timcrombie/Desktop/CP_test3/raw_images,/Users/timcrombie/Desktop/CP_test3/well_mask,1,1,1605.5550646891763,1380.122120542758,0,34
1,35,dauerProtocol3,20220427,nan,0,m2X,p001,0,B01,B01,nan,20220427-dauerProtocol3-p001-m2X_B01_w1.TIF,20220427-dauerProtocol3-p001-m2X_B01_w2.TIF,wellmask_98.png,/Users/timcrombie/Desktop/CP_test3/raw_images,/Users/timcrombie/Desktop/CP_test3/raw_images,/Users/timcrombie/Desktop/CP_test3/well_mask,0,0,927.9702970297029,1480.920792079208,0,35
1,36,dauerProtocol3,20220427,nan,0,m2X,p001,0,B01,B01,nan,20220427-dauerProtocol3-p001-m2X_B01_w1.TIF,20220427-dauerProtocol3-p001-m2X_B01_w2.TIF,wellmask_98.png,/Users/timcrombie/Desktop/CP_test3/raw_images,/Users/timcrombie/Desktop/CP_test3/raw_images,/Users/timcrombie/Desktop/CP_test3/well_mask,1,1,1600.2109375,1545.521484375,0,36
1,37,dauerProtocol3,20220427,nan,0,m2X,p001,0,B01,B01,nan,20220427-dauerProtocol3-p001-m2X_B01_w1.TIF,20220427-dauerProtocol3-p001-m2X_B01_w2.TIF,wellmask_98.png,/Users/timcrombie/Desktop/CP_test3/raw_images,/Users/timcrombie/Desktop/CP_test3/raw_images,/Users/timcrombie/Desktop/CP_test3/well_mask,0,0,366.66407465007774,1602.9035769828927,0,37
1,38,dauerProtocol3,20220427,nan,0,m2X,p001,0,B01,B01,nan,20220427-dauerProtocol3-p001-m2X_B01_w1.TIF,20220427-dauerProtocol3-p001-m2X_B01_w2.TIF,wellmask_98.png,/Users/timcrombie/Desktop/CP_test3/raw_images,/Users/timcrombie/Desktop/CP_test3/raw_images,/Users/timcrombie/Desktop/CP_test3/well_mask,1,0,1506.6533916849016,1648.728227571116,0,38
1,39,dauerProtocol3,20220427,nan,0,m2X,p001,0,B01,B01,nan,20220427-dauerProtocol3-p001-m2X_B01_w1.TIF,20220427-dauerProtocol3-p001-m2X_B01_w2.TIF,wellmask_98.png,/Users/timcrombie/Desktop/CP_test3/raw_images,/Users/timcrombie/Desktop/CP_test3/raw_images,/Users/timcrombie/Desktop/CP_test3/well_mask,0,0,895.7666666666667,1608.2333333333333,0,39
1,40,dauerProtocol3,20220427,nan,0,m2X,p001,0,B01,B01,nan,20220427-dauerProtocol3-p001-m2X_B01_w1.TIF,20220427-dauerProtocol3-p001-m2X_B01_w2.TIF,wellmask_98.png,/Users/timcrombie/Desktop/CP_test3/raw_images,/Users/timcrombie/Desktop/CP_test3/raw_images,/Users/timcrombie/Desktop/CP_test3/well_mask,0,0,1081.40234375,1625.90234375,0,40
2,1,dauerProtocol3,20220427,nan,0,m2X,p001,0,C02,C02,nan,20220427-dauerProtocol3-p001-m2X_C02_w1.TIF,20220427-dauerProtocol3-p001-m2X_C02_w2.TIF,wellmask_98.png,/Users/timcrombie/Desktop/CP_test3/raw_images,/Users/timcrombie/Desktop/CP_test3/raw_images,/Users/timcrombie/Desktop/CP_test3/well_mask,0,0,1214.111111111111,219.80246913580248,0,1
2,2,dauerProtocol3,20220427,nan,0,m2X,p001,0,C02,C02,nan,20220427-dauerProtocol3-p001-m2X_C02_w1.TIF,20220427-dauerProtocol3-p001-m2X_C02_w2.TIF,wellmask_98.png,/Users/timcrombie/Desktop/CP_test3/raw_images,/Users/timcrombie/Desktop/CP_test3/raw_images,/Users/timcrombie/Desktop/CP_test3/well_mask,0,0,1206.5352112676057,234.41971830985915,0,2
2,3,dauerProtocol3,20220427,nan,0,m2X,p001,0,C02,C02,nan,20220427-dauerProtocol3-p001-m2X_C02_w1.TIF,20220427-dauerProtocol3-p001-m2X_C02_w2.TIF,wellmask_98.png,/Users/timcrombie/Desktop/CP_test3/raw_images,/Users/timcrombie/Desktop/CP_test3/raw_images,/Users/timcrombie/Desktop/CP_test3/well_mask,1,1,1099.7071802543007,379.0261780104712,0,3
2,4,dauerProtocol3,20220427,nan,0,m2X,p001,0,C02,C02,nan,20220427-dauerProtocol3-p001-m2X_C02_w1.TIF,20220427-dauerProtocol3-p001-m2X_C02_w2.TIF,wellmask_98.png,/Users/timcrombie/Desktop/CP_test3/raw_images,/Users/timcrombie/Desktop/CP_test3/raw_images,/Users/timcrombie/Desktop/CP_test3/well_mask,0,1,647.257394587791,394.9144115796098,0,4
2,5,dauerProtocol3,20220427,nan,0,m2X,p001,0,C02,C02,nan,20220427-dauerProtocol3-p001-m2X_C02_w1.TIF,20220427-dauerProtocol3-p001-m2X_C02_w2.TIF,wellmask_98.png,/Users/timcrombie/Desktop/CP_test3/raw_images,/Users/timcrombie/Desktop/CP_test3/raw_images,/Users/timcrombie/Desktop/CP_test3/well_mask,0,0,524.5733944954128,296.15504587155965,0,5
2,6,dauerProtocol3,20220427,nan,0,m2X,p001,0,C02,C02,nan,20220427-dauerProtocol3-p001-m2X_C02_w1.TIF,20220427-dauerProtocol3-p001-m2X_C02_w2.TIF,wellmask_98.png,/Users/timcrombie/Desktop/CP_test3/raw_images,/Users/timcrombie/Desktop/CP_test3/raw_images,/Users/timcrombie/Desktop/CP_test3/well_mask,1,1,815.2622784810127,376.1012658227848,0,6
2,7,dauerProtocol3,20220427,nan,0,m2X,p001,0,C02,C02,nan,20220427-dauerProtocol3-p001-m2X_C02_w1.TIF,20220427-dauerProtocol3-p001-m2X_C02_w2.TIF,wellmask_98.png,/Users/timcrombie/Desktop/CP_test3/raw_images,/Users/timcrombie/Desktop/CP_test3/raw_images,/Users/timcrombie/Desktop/CP_test3/well_mask,2,2,1043.8274766025074,463.9623874271588,0,7
2,8,dauerProtocol3,20220427,nan,0,m2X,p001,0,C02,C02,nan,20220427-dauerProtocol3-p001-m2X_C02_w1.TIF,20220427-dauerProtocol3-p001-m2X_C02_w2.TIF,wellmask_98.png,/Users/timcrombie/Desktop/CP_test3/raw_images,/Users/timcrombie/Desktop/CP_test3/raw_images,/Users/timcrombie/Desktop/CP_test3/well_mask,1,1,481.9555669050051,406.86159346271705,0,8
2,9,dauerProtocol3,20220427,nan,0,m2X,p001,0,C02,C02,nan,20220427-dauerProtocol3-p001-m2X_C02_w1.TIF,20220427-dauerProtocol3-p001-m2X_C02_w2.TIF,wellmask_98.png,/Users/timcrombie/Desktop/CP_test3/raw_images,/Users/timcrombie/Desktop/CP_test3/raw_images,/Users/timcrombie/Desktop/CP_test3/well_mask,0,0,569.131221719457,419.57466063348414,0,9
2,10,dauerProtocol3,20220427,nan,0,m2X,p001,0,C02,C02,nan,20220427-dauerProtocol3-p001-m2X_C02_w1.TIF,20220427-dauerProtocol3-p001-m2X_C02_w2.TIF,wellmask_98.png,/Users/timcrombie/Desktop/CP_test3/raw_images,/Users/timcrombie/Desktop/CP_test3/raw_images,/Users/timcrombie/Desktop/CP_test3/well_mask,1,1,1491.3147751605995,485.5850107066381,0,10
2,11,dauerProtocol3,20220427,nan,0,m2X,p001,0,C02,C02,nan,20220427-dauerProtocol3-p001-m2X_C02_w1.TIF,20220427-dauerProtocol3-p001-m2X_C02_w2.TIF,wellmask_98.png,/Users/timcrombie/Desktop/CP_test3/raw_images,/Users/timcrombie/Desktop/CP_test3/raw_images,/Users/timcrombie/Desktop/CP_test3/well_mask,1,1,1414.23417721519,541.7238204833142,0,11
2,12,dauerProtocol3,20220427,nan,0,m2X,p001,0,C02,C02,nan,20220427-dauerProtocol3-p001-m2X_C02_w1.TIF,20220427-dauerProtocol3-p001-m2X_C02_w2.TIF,wellmask_98.png,/Users/timcrombie/Desktop/CP_test3/raw_images,/Users/timcrombie/Desktop/CP_test3/raw_images,/Users/timcrombie/Desktop/CP_test3/well_mask,0,0,1316.6252285191956,488.19195612431446,0,12
2,13,dauerProtocol3,20220427,nan,0,m2X,p001,0,C02,C02,nan,20220427-dauerProtocol3-p001-m2X_C02_w1.TIF,20220427-dauerProtocol3-p001-m2X_C02_w2.TIF,wellmask_98.png,/Users/timcrombie/Desktop/CP_test3/raw_images,/Users/timcrombie/Desktop/CP_test3/raw_images,/Users/timcrombie/Desktop/CP_test3/well_mask,1,1,956.5858310626703,586.5321136629038,0,13
2,14,dauerProtocol3,20220427,nan,0,m2X,p001,0,C02,C02,nan,20220427-dauerProtocol3-p001-m2X_C02_w1.TIF,20220427-dauerProtocol3-p001-m2X_C02_w2.TIF,wellmask_98.png,/Users/timcrombie/Desktop/CP_test3/raw_images,/Users/timcrombie/Desktop/CP_test3/raw_images,/Users/timcrombie/Desktop/CP_test3/well_mask,1,1,1284.1645193260654,541.9715890320449,0,14
2,15,dauerProtocol3,20220427,nan,0,m2X,p001,0,C02,C02,nan,20220427-dauerProtocol3-p001-m2X_C02_w1.TIF,20220427-dauerProtocol3-p001-m2X_C02_w2.TIF,wellmask_98.png,/Users/timcrombie/Desktop/CP_test3/raw_images,/Users/timcrombie/Desktop/CP_test3/raw_images,/Users/timcrombie/Desktop/CP_test3/well_mask,1,1,355.23435764531655,640.4498333950389,0,15
2,16,dauerProtocol3,20220427,nan,0,m2X,p001,0,C02,C02,nan,20220427-dauerProtocol3-p001-m2X_C02_w1.TIF,20220427-dauerProtocol3-p001-m2X_C02_w2.TIF,wellmask_98.png,/Users/timcrombie/Desktop/CP_test3/raw_images,/Users/timcrombie/Desktop/CP_test3/raw_images,/Users/timcrombie/Desktop/CP_test3/well_mask,0,1,1048.2110241356818,678.704827136334,0,16
2,17,dauerProtocol3,20220427,nan,0,m2X,p001,0,C02,C02,nan,20220427-dauerProtocol3-p001-m2X_C02_w1.TIF,20220427-dauerProtocol3-p001-m2X_C02_w2.TIF,wellmask_98.png,/Users/timcrombie/Desktop/CP_test3/raw_images,/Users/timcrombie/Desktop/CP_test3/raw_images,/Users/timcrombie/Desktop/CP_test3/well_mask,1,0,237.50190839694656,764.5849236641221,0,17
2,18,dauerProtocol3,20220427,nan,0,m2X,p001,0,C02,C02,nan,20220427-dauerProtocol3-p001-m2X_C02_w1.TIF,20220427-dauerProtocol3-p001-m2X_C02_w2.TIF,wellmask_98.png,/Users/timcrombie/Desktop/CP_test3/raw_images,/Users/timcrombie/Desktop/CP_test3/raw_images,/Users/timcrombie/Desktop/CP_test3/well_mask,1,0,955.6325985303941,795.4782899131596,0,18
2,19,dauerProtocol3,20220427,nan,0,m2X,p001,0,C02,C02,nan,20220427-dauerProtocol3-p001-m2X_C02_w1.TIF,20220427-dauerProtocol3-p001-m2X_C02_w2.TIF,wellmask_98.png,/Users/timcrombie/Desktop/CP_test3/raw_images,/Users/timcrombie/Desktop/CP_test3/raw_images,/Users/timcrombie/Desktop/CP_test3/well_mask,1,1,490.7312560856865,816.2254138266796,0,19
2,20,dauerProtocol3,20220427,nan,0,m2X,p001,0,C02,C02,nan,20220427-dauerProtocol3-p001-m2X_C02_w1.TIF,20220427-dauerProtocol3-p001-m2X_C02_w2.TIF,wellmask_98.png,/Users/timcrombie/Desktop/CP_test3/raw_images,/Users/timcrombie/Desktop/CP_test3/raw_images,/Users/timcrombie/Desktop/CP_test3/well_mask,0,0,1165.093023255814,834.2616279069767,0,20
2,21,dauerProtocol3,20220427,nan,0,m2X,p001,0,C02,C02,nan,20220427-dauerProtocol3-p001-m2X_C02_w1.TIF,20220427-dauerProtocol3-p001-m2X_C02_w2.TIF,wellmask_98.png,/Users/timcrombie/Desktop/CP_test3/raw_images,/Users/timcrombie/Desktop/CP_test3/raw_images,/Users/timcrombie/Desktop/CP_test3/well_mask,0,0,493.91652754590984,873.2721202003339,0,21
2,22,dauerProtocol3,20220427,nan,0,m2X,p001,0,C02,C02,nan,20220427-dauerProtocol3-p001-m2X_C02_w1.TIF,20220427-dauerProtocol3-p001-m2X_C02_w2.TIF,wellmask_98.png,/Users/timcrombie/Desktop/CP_test3/raw_images,/Users/timcrombie/Desktop/CP_test3/raw_images,/Users/timcrombie/Desktop/CP_test3/well_mask,2,1,1245.80253741054,982.3285621340274,0,22
2,23,dauerProtocol3,20220427,nan,0,m2X,p001,0,C02,C02,nan,20220427-dauerProtocol3-p001-m2X_C02_w1.TIF,20220427-dauerProtocol3-p001-m2X_C02_w2.TIF,wellmask_98.png,/Users/timcrombie/Desktop/CP_test3/raw_images,/Users/timcrombie/Desktop/CP_test3/raw_images,/Users/timcrombie/Desktop/CP_test3/well_mask,0,0,1563.905109489051,958.8594890510949,0,23
2,24,dauerProtocol3,20220427,nan,0,m2X,p001,0,C02,C02,nan,20220427-dauerProtocol3-p001-m2X_C02_w1.TIF,20220427-dauerProtocol3-p001-m2X_C02_w2.TIF,wellmask_98.png,/Users/timcrombie/Desktop/CP_test3/raw_images,/Users/timcrombie/Desktop/CP_test3/raw_images,/Users/timcrombie/Desktop/CP_test3/well_mask,2,2,427.0515386067585,1044.6458372663772,0,24
2,25,dauerProtocol3,20220427,nan,0,m2X,p001,0,C02,C02,nan,20220427-dauerProtocol3-p001-m2X_C02_w1.TIF,20220427-dauerProtocol3-p001-m2X_C02_w2.TIF,wellmask_98.png,/Users/timcrombie/Desktop/CP_test3/raw_images,/Users/timcrombie/Desktop/CP_test3/raw_images,/Users/timcrombie/Desktop/CP_test3/well_mask,0,0,1201.3224755700326,1053.885993485342,0,25
2,26,dauerProtocol3,20220427,nan,0,m2X,p001,0,C02,C02,nan,20220427-dauerProtocol3-p001-m2X_C02_w1.TIF,20220427-dauerProtocol3-p001-m2X_C02_w2.TIF,wellmask_98.png,/Users/timcrombie/Desktop/CP_test3/raw_images,/Users/timcrombie/Desktop/CP_test3/raw_images,/Users/timcrombie/Desktop/CP_test3/well_mask,0,0,1530.7313432835822,1046.2925373134328,0,26
2,27,dauerProtocol3,20220427,nan,0,m2X,p001,0,C02,C02,nan,20220427-dauerProtocol3-p001-m2X_C02_w1.TIF,20220427-dauerProtocol3-p001-m2X_C02_w2.TIF,wellmask_98.png,/Users/timcrombie/Desktop/CP_test3/raw_images,/Users/timcrombie/Desktop/CP_test3/raw_images,/Users/timcrombie/Desktop/CP_test3/well_mask,1,1,640.2949395770393,1096.5434290030212,0,27
2,28,dauerProtocol3,20220427,nan,0,m2X,p001,0,C02,C02,nan,20220427-dauerProtocol3-p001-m2X_C02_w1.TIF,20220427-dauerProtocol3-p001-m2X_C02_w2.TIF,wellmask_98.png,/Users/timcrombie/Desktop/CP_test3/raw_images,/Users/timcrombie/Desktop/CP_test3/raw_images,/Users/timcrombie/Desktop/CP_test3/well_mask,0,1,1070.8479438954414,1100.7943895441504,0,28
2,29,dauerProtocol3,20220427,nan,0,m2X,p001,0,C02,C02,nan,20220427-dauerProtocol3-p001-m2X_C02_w1.TIF,20220427-dauerProtocol3-p001-m2X_C02_w2.TIF,wellmask_98.png,/Users/timcrombie/Desktop/CP_test3/raw_images,/Users/timcrombie/Desktop/CP_test3/raw_images,/Users/timcrombie/Desktop/CP_test3/well_mask,1,0,1362.6236979166667,1109.357421875,0,29
2,30,dauerProtocol3,20220427,nan,0,m2X,p001,0,C02,C02,nan,20220427-dauerProtocol3-p001-m2X_C02_w1.TIF,20220427-dauerProtocol3-p001-m2X_C02_w2.TIF,wellmask_98.png,/Users/timcrombie/Desktop/CP_test3/raw_images,/Users/timcrombie/Desktop/CP_test3/raw_images,/Users/timcrombie/Desktop/CP_test3/well_mask,1,1,813.149359886202,1327.0516832622095,0,30
2,31,dauerProtocol3,20220427,nan,0,m2X,p001,0,C02,C02,nan,20220427-dauerProtocol3-p001-m2X_C02_w1.TIF,20220427-dauerProtocol3-p001-m2X_C02_w2.TIF,wellmask_98.png,/Users/timcrombie/Desktop/CP_test3/raw_images,/Users/timcrombie/Desktop/CP_test3/raw_images,/Users/timcrombie/Desktop/CP_test3/well_mask,1,1,530.4952954459917,1364.565299209635,0,31
2,32,dauerProtocol3,20220427,nan,0,m2X,p001,0,C02,C02,nan,20220427-dauerProtocol3-p001-m2X_C02_w1.TIF,20220427-dauerProtocol3-p001-m2X_C02_w2.TIF,wellmask_98.png,/Users/timcrombie/Desktop/CP_test3/raw_images,/Users/timcrombie/Desktop/CP_test3/raw_images,/Users/timcrombie/Desktop/CP_test3/well_mask,1,1,1233.7224782386072,1333.289810547875,0,32
2,33,dauerProtocol3,20220427,nan,0,m2X,p001,0,C02,C02,nan,20220427-dauerProtocol3-p001-m2X_C02_w1.TIF,20220427-dauerProtocol3-p001-m2X_C02_w2.TIF,wellmask_98.png,/Users/timcrombie/Desktop/CP_test3/raw_images,/Users/timcrombie/Desktop/CP_test3/raw_images,/Users/timcrombie/Desktop/CP_test3/well_mask,0,0,1421.4943181818182,1422.846590909091,0,33
2,34,dauerProtocol3,20220427,nan,0,m2X,p001,0,C02,C02,nan,20220427-dauerProtocol3-p001-m2X_C02_w1.TIF,20220427-dauerProtocol3-p001-m2X_C02_w2.TIF,wellmask_98.png,/Users/timcrombie/Desktop/CP_test3/raw_images,/Users/timcrombie/Desktop/CP_test3/raw_images,/Users/timcrombie/Desktop/CP_test3/well_mask,1,1,802.3057777777777,1477.6017777777777,0,34
2,35,dauerProtocol3,20220427,nan,0,m2X,p001,0,C02,C02,nan,20220427-dauerProtocol3-p001-m2X_C02_w1.TIF,20220427-dauerProtocol3-p001-m2X_C02_w2.TIF,wellmask_98.png,/Users/timcrombie/Desktop/CP_test3/raw_images,/Users/timcrombie/Desktop/CP_test3/raw_images,/Users/timcrombie/Desktop/CP_test3/well_mask,1,1,443.2166246851385,1585.601007556675,0,35
2,36,dauerProtocol3,20220427,nan,0,m2X,p001,0,C02,C02,nan,20220427-dauerProtocol3-p001-m2X_C02_w1.TIF,20220427-dauerProtocol3-p001-m2X_C02_w2.TIF,wellmask_98.png,/Users/timcrombie/Desktop/CP_test3/raw_images,/Users/timcrombie/Desktop/CP_test3/raw_images,/Users/timcrombie/Desktop/CP_test3/well_mask,0,0,1481.3942307692307,1522.2548076923076,0,36
2,37,dauerProtocol3,20220427,nan,0,m2X,p001,0,C02,C02,nan,20220427-dauerProtocol3-p001-m2X_C02_w1.TIF,20220427-dauerProtocol3-p001-m2X_C02_w2.TIF,wellmask_98.png,/Users/timcrombie/Desktop/CP_test3/raw_images,/Users/timcrombie/Desktop/CP_test3/raw_images,/Users/timcrombie/Desktop/CP_test3/well_mask,1,0,471.9364161849711,1554.4489402697495,0,37
2,38,dauerProtocol3,20220427,nan,0,m2X,p001,0,C02,C02,nan,20220427-dauerProtocol3-p001-m2X_C02_w1.TIF,20220427-dauerProtocol3-p001-m2X_C02_w2.TIF,wellmask_98.png,/Users/timcrombie/Desktop/CP_test3/raw_images,/Users/timcrombie/Desktop/CP_test3/raw_images,/Users/timcrombie/Desktop/CP_test3/well_mask,1,1,977.4734317343174,1605.840590405904,0,38
2,39,dauerProtocol3,20220427,nan,0,m2X,p001,0,C02,C02,nan,20220427-dauerProtocol3-p001-m2X_C02_w1.TIF,20220427-dauerProtocol3-p001-m2X_C02_w2.TIF,wellmask_98.png,/Users/timcrombie/Desktop/CP_test3/raw_images,/Users/timcrombie/Desktop/CP_test3/raw_images,/Users/timcrombie/Desktop/CP_test3/well_mask,2,2,849.0769857433809,1638.2107942973523,0,39
2,40,dauerProtocol3,20220427,nan,0,m2X,p001,0,C02,C02,nan,20220427-dauerProtocol3-p001-m2X_C02_w1.TIF,20220427-dauerProtocol3-p001-m2X_C02_w2.TIF,wellmask_98.png,/Users/timcrombie/Desktop/CP_test3/raw_images,/Users/timcrombie/Desktop/CP_test3/raw_images,/Users/timcrombie/Desktop/CP_test3/well_mask,0,0,245.10441767068272,1550.4538152610442,0,40
2,41,dauerProtocol3,20220427,nan,0,m2X,p001,0,C02,C02,nan,20220427-dauerProtocol3-p001-m2X_C02_w1.TIF,20220427-dauerProtocol3-p001-m2X_C02_w2.TIF,wellmask_98.png,/Users/timcrombie/Desktop/CP_test3/raw_images,/Users/timcrombie/Desktop/CP_test3/raw_images,/Users/timcrombie/Desktop/CP_test3/well_mask,0,0,1237.420168067227,1545.2689075630253,0,41
2,42,dauerProtocol3,20220427,nan,0,m2X,p001,0,C02,C02,nan,20220427-dauerProtocol3-p001-m2X_C02_w1.TIF,20220427-dauerProtocol3-p001-m2X_C02_w2.TIF,wellmask_98.png,/Users/timcrombie/Desktop/CP_test3/raw_images,/Users/timcrombie/Desktop/CP_test3/raw_images,/Users/timcrombie/Desktop/CP_test3/well_mask,0,0,1478.0253164556962,1568.6962025316457,0,42
2,43,dauerProtocol3,20220427,nan,0,m2X,p001,0,C02,C02,nan,20220427-dauerProtocol3-p001-m2X_C02_w1.TIF,20220427-dauerProtocol3-p001-m2X_C02_w2.TIF,wellmask_98.png,/Users/timcrombie/Desktop/CP_test3/raw_images,/Users/timcrombie/Desktop/CP_test3/raw_images,/Users/timcrombie/Desktop/CP_test3/well_mask,1,1,653.946269982238,1599.0817051509769,0,43
2,44,dauerProtocol3,20220427,nan,0,m2X,p001,0,C02,C02,nan,20220427-dauerProtocol3-p001-m2X_C02_w1.TIF,20220427-dauerProtocol3-p001-m2X_C02_w2.TIF,wellmask_98.png,/Users/timcrombie/Desktop/CP_test3/raw_images,/Users/timcrombie/Desktop/CP_test3/raw_images,/Users/timcrombie/Desktop/CP_test3/well_mask,0,0,1112.192546583851,1626.7950310559006,0,44
2,45,dauerProtocol3,20220427,nan,0,m2X,p001,0,C02,C02,nan,20220427-dauerProtocol3-p001-m2X_C02_w1.TIF,20220427-dauerProtocol3-p001-m2X_C02_w2.TIF,wellmask_98.png,/Users/timcrombie/Desktop/CP_test3/raw_images,/Users/timcrombie/Desktop/CP_test3/raw_images,/Users/timcrombie/Desktop/CP_test3/well_mask,1,0,759.4400731930467,1658.7776761207685,0,45
2,46,dauerProtocol3,20220427,nan,0,m2X,p001,0,C02,C02,nan,20220427-dauerProtocol3-p001-m2X_C02_w1.TIF,20220427-dauerProtocol3-p001-m2X_C02_w2.TIF,wellmask_98.png,/Users/timcrombie/Desktop/CP_test3/raw_images,/Users/timcrombie/Desktop/CP_test3/raw_images,/Users/timcrombie/Desktop/CP_test3/well_mask,1,1,745.2990063233966,1743.86766034327,0,46
2,47,dauerProtocol3,20220427,nan,0,m2X,p001,0,C02,C02,nan,20220427-dauerProtocol3-p001-m2X_C02_w1.TIF,20220427-dauerProtocol3-p001-m2X_C02_w2.TIF,wellmask_98.png,/Users/timcrombie/Desktop/CP_test3/raw_images,/Users/timcrombie/Desktop/CP_test3/raw_images,/Users/timcrombie/Desktop/CP_test3/well_mask,1,0,1559.9225440806044,1689.1845088161208,0,47
2,48,dauerProtocol3,20220427,nan,0,m2X,p001,0,C02,C02,nan,20220427-dauerProtocol3-p001-m2X_C02_w1.TIF,20220427-dauerProtocol3-p001-m2X_C02_w2.TIF,wellmask_98.png,/Users/timcrombie/Desktop/CP_test3/raw_images,/Users/timcrombie/Desktop/CP_test3/raw_images,/Users/timcrombie/Desktop/CP_test3/well_mask,1,1,1468.4849233811171,1730.3173504695997,0,48
2,49,dauerProtocol3,20220427,nan,0,m2X,p001,0,C02,C02,nan,20220427-dauerProtocol3-p001-m2X_C02_w1.TIF,20220427-dauerProtocol3-p001-m2X_C02_w2.TIF,wellmask_98.png,/Users/timcrombie/Desktop/CP_test3/raw_images,/Users/timcrombie/Desktop/CP_test3/raw_images,/Users/timcrombie/Desktop/CP_test3/well_mask,0,1,1062.1562636403316,1810.9113924050632,0,49
2,50,dauerProtocol3,20220427,nan,0,m2X,p001,0,C02,C02,nan,20220427-dauerProtocol3-p001-m2X_C02_w1.TIF,20220427-dauerProtocol3-p001-m2X_C02_w2.TIF,wellmask_98.png,/Users/timcrombie/Desktop/CP_test3/raw_images,/Users/timcrombie/Desktop/CP_test3/raw_images,/Users/timcrombie/Desktop/CP_test3/well_mask,0,0,620.765625,1754.03125,0,50
3,1,dauerProtocol3,20220427,nan,0,m2X,p001,0,D03,D03,nan,20220427-dauerProtocol3-p001-m2X_D03_w1.TIF,20220427-dauerProtocol3-p001-m2X_D03_w2.TIF,wellmask_98.png,/Users/timcrombie/Desktop/CP_test3/raw_images,/Users/timcrombie/Desktop/CP_test3/raw_images,/Users/timcrombie/Desktop/CP_test3/well_mask,1,1,824.0093936806148,266.5012809564475,0,1
3,2,dauerProtocol3,20220427,nan,0,m2X,p001,0,D03,D03,nan,20220427-dauerProtocol3-p001-m2X_D03_w1.TIF,20220427-dauerProtocol3-p001-m2X_D03_w2.TIF,wellmask_98.png,/Users/timcrombie/Desktop/CP_test3/raw_images,/Users/timcrombie/Desktop/CP_test3/raw_images,/Users/timcrombie/Desktop/CP_test3/well_mask,0,0,1315.5202312138729,195.5491329479769,0,2
3,3,dauerProtocol3,20220427,nan,0,m2X,p001,0,D03,D03,nan,20220427-dauerProtocol3-p001-m2X_D03_w1.TIF,20220427-dauerProtocol3-p001-m2X_D03_w2.TIF,wellmask_98.png,/Users/timcrombie/Desktop/CP_test3/raw_images,/Users/timcrombie/Desktop/CP_test3/raw_images,/Users/timcrombie/Desktop/CP_test3/well_mask,0,0,1357.9753086419753,202.60493827160494,0,3
3,4,dauerProtocol3,20220427,nan,0,m2X,p001,0,D03,D03,nan,20220427-dauerProtocol3-p001-m2X_D03_w1.TIF,20220427-dauerProtocol3-p001-m2X_D03_w2.TIF,wellmask_98.png,/Users/timcrombie/Desktop/CP_test3/raw_images,/Users/timcrombie/Desktop/CP_test3/raw_images,/Users/timcrombie/Desktop/CP_test3/well_mask,0,0,1392.972602739726,210.93150684931507,0,4
3,5,dauerProtocol3,20220427,nan,0,m2X,p001,0,D03,D03,nan,20220427-dauerProtocol3-p001-m2X_D03_w1.TIF,20220427-dauerProtocol3-p001-m2X_D03_w2.TIF,wellmask_98.png,/Users/timcrombie/Desktop/CP_test3/raw_images,/Users/timcrombie/Desktop/CP_test3/raw_images,/Users/timcrombie/Desktop/CP_test3/well_mask,0,0,1452.2415584415585,217.96103896103895,0,5
3,6,dauerProtocol3,20220427,nan,0,m2X,p001,0,D03,D03,nan,20220427-dauerProtocol3-p001-m2X_D03_w1.TIF,20220427-dauerProtocol3-p001-m2X_D03_w2.TIF,wellmask_98.png,/Users/timcrombie/Desktop/CP_test3/raw_images,/Users/timcrombie/Desktop/CP_test3/raw_images,/Users/timcrombie/Desktop/CP_test3/well_mask,1,0,1286.7996411483255,265.89473684210526,0,6
3,7,dauerProtocol3,20220427,nan,0,m2X,p001,0,D03,D03,nan,20220427-dauerProtocol3-p001-m2X_D03_w1.TIF,20220427-dauerProtocol3-p001-m2X_D03_w2.TIF,wellmask_98.png,/Users/timcrombie/Desktop/CP_test3/raw_images,/Users/timcrombie/Desktop/CP_test3/raw_images,/Users/timcrombie/Desktop/CP_test3/well_mask,1,1,1528.1421864520455,433.9175050301811,0,7
3,8,dauerProtocol3,20220427,nan,0,m2X,p001,0,D03,D03,nan,20220427-dauerProtocol3-p001-m2X_D03_w1.TIF,20220427-dauerProtocol3-p001-m2X_D03_w2.TIF,wellmask_98.png,/Users/timcrombie/Desktop/CP_test3/raw_images,/Users/timcrombie/Desktop/CP_test3/raw_images,/Users/timcrombie/Desktop/CP_test3/well_mask,0,0,1633.5401785714287,343.2700892857143,0,8
3,9,dauerProtocol3,20220427,nan,0,m2X,p001,0,D03,D03,nan,20220427-dauerProtocol3-p001-m2X_D03_w1.TIF,20220427-dauerProtocol3-p001-m2X_D03_w2.TIF,wellmask_98.png,/Users/timcrombie/Desktop/CP_test3/raw_images,/Users/timcrombie/Desktop/CP_test3/raw_images,/Users/timcrombie/Desktop/CP_test3/well_mask,0,0,944.9869281045752,338.7450980392157,0,9
3,10,dauerProtocol3,20220427,nan,0,m2X,p001,0,D03,D03,nan,20220427-dauerProtocol3-p001-m2X_D03_w1.TIF,20220427-dauerProtocol3-p001-m2X_D03_w2.TIF,wellmask_98.png,/Users/timcrombie/Desktop/CP_test3/raw_images,/Users/timcrombie/Desktop/CP_test3/raw_images,/Users/timcrombie/Desktop/CP_test3/well_mask,3,2,665.1027056874655,469.0574268360022,0,10
3,11,dauerProtocol3,20220427,nan,0,m2X,p001,0,D03,D03,nan,20220427-dauerProtocol3-p001-m2X_D03_w1.TIF,20220427-dauerProtocol3-p001-m2X_D03_w2.TIF,wellmask_98.png,/Users/timcrombie/Desktop/CP_test3/raw_images,/Users/timcrombie/Desktop/CP_test3/raw_images,/Users/timcrombie/Desktop/CP_test3/well_mask,0,0,931.5704697986578,350.23489932885906,0,11
3,12,dauerProtocol3,20220427,nan,0,m2X,p001,0,D03,D03,nan,20220427-dauerProtocol3-p001-m2X_D03_w1.TIF,20220427-dauerProtocol3-p001-m2X_D03_w2.TIF,wellmask_98.png,/Users/timcrombie/Desktop/CP_test3/raw_images,/Users/timcrombie/Desktop/CP_test3/raw_images,/Users/timcrombie/Desktop/CP_test3/well_mask,0,0,892.3326885880077,358.93230174081236,0,12
3,13,dauerProtocol3,20220427,nan,0,m2X,p001,0,D03,D03,nan,20220427-dauerProtocol3-p001-m2X_D03_w1.TIF,20220427-dauerProtocol3-p001-m2X_D03_w2.TIF,wellmask_98.png,/Users/timcrombie/Desktop/CP_test3/raw_images,/Users/timcrombie/Desktop/CP_test3/raw_images,/Users/timcrombie/Desktop/CP_test3/well_mask,1,0,758.9240506329114,387.3983618763961,0,13
3,14,dauerProtocol3,20220427,nan,0,m2X,p001,0,D03,D03,nan,20220427-dauerProtocol3-p001-m2X_D03_w1.TIF,20220427-dauerProtocol3-p001-m2X_D03_w2.TIF,wellmask_98.png,/Users/timcrombie/Desktop/CP_test3/raw_images,/Users/timcrombie/Desktop/CP_test3/raw_images,/Users/timcrombie/Desktop/CP_test3/well_mask,0,0,397.69624060150375,406.9263157894737,0,14
3,15,dauerProtocol3,20220427,nan,0,m2X,p001,0,D03,D03,nan,20220427-dauerProtocol3-p001-m2X_D03_w1.TIF,20220427-dauerProtocol3-p001-m2X_D03_w2.TIF,wellmask_98.png,/Users/timcrombie/Desktop/CP_test3/raw_images,/Users/timcrombie/Desktop/CP_test3/raw_images,/Users/timcrombie/Desktop/CP_test3/well_mask,0,0,1207.2857142857142,381.6703296703297,0,15
3,16,dauerProtocol3,20220427,nan,0,m2X,p001,0,D03,D03,nan,20220427-dauerProtocol3-p001-m2X_D03_w1.TIF,20220427-dauerProtocol3-p001-m2X_D03_w2.TIF,wellmask_98.png,/Users/timcrombie/Desktop/CP_test3/raw_images,/Users/timcrombie/Desktop/CP_test3/raw_images,/Users/timcrombie/Desktop/CP_test3/well_mask,0,0,1237.6826923076924,392.7019230769231,0,16
3,17,dauerProtocol3,20220427,nan,0,m2X,p001,0,D03,D03,nan,20220427-dauerProtocol3-p001-m2X_D03_w1.TIF,20220427-dauerProtocol3-p001-m2X_D03_w2.TIF,wellmask_98.png,/Users/timcrombie/Desktop/CP_test3/raw_images,/Users/timcrombie/Desktop/CP_test3/raw_images,/Users/timcrombie/Desktop/CP_test3/well_mask,0,0,757.2826086956521,432.4189723320158,0,17
3,18,dauerProtocol3,20220427,nan,0,m2X,p001,0,D03,D03,nan,20220427-dauerProtocol3-p001-m2X_D03_w1.TIF,20220427-dauerProtocol3-p001-m2X_D03_w2.TIF,wellmask_98.png,/Users/timcrombie/Desktop/CP_test3/raw_images,/Users/timcrombie/Desktop/CP_test3/raw_images,/Users/timcrombie/Desktop/CP_test3/well_mask,0,1,1047.199167467179,562.6788344540506,0,18
3,19,dauerProtocol3,20220427,nan,0,m2X,p001,0,D03,D03,nan,20220427-dauerProtocol3-p001-m2X_D03_w1.TIF,20220427-dauerProtocol3-p001-m2X_D03_w2.TIF,wellmask_98.png,/Users/timcrombie/Desktop/CP_test3/raw_images,/Users/timcrombie/Desktop/CP_test3/raw_images,/Users/timcrombie/Desktop/CP_test3/well_mask,1,0,367.2590425531915,483.1372340425532,0,19
3,20,dauerProtocol3,20220427,nan,0,m2X,p001,0,D03,D03,nan,20220427-dauerProtocol3-p001-m2X_D03_w1.TIF,20220427-dauerProtocol3-p001-m2X_D03_w2.TIF,wellmask_98.png,/Users/timcrombie/Desktop/CP_test3/raw_images,/Users/timcrombie/Desktop/CP_test3/raw_images,/Users/timcrombie/Desktop/CP_test3/well_mask,0,0,1038.6144578313254,516.289156626506,0,20
3,21,dauerProtocol3,20220427,nan,0,m2X,p001,0,D03,D03,nan,20220427-dauerProtocol3-p001-m2X_D03_w1.TIF,20220427-dauerProtocol3-p001-m2X_D03_w2.TIF,wellmask_98.png,/Users/timcrombie/Desktop/CP_test3/raw_images,/Users/timcrombie/Desktop/CP_test3/raw_images,/Users/timcrombie/Desktop/CP_test3/well_mask,1,1,562.6732128829536,588.7635506677141,0,21
3,22,dauerProtocol3,20220427,nan,0,m2X,p001,0,D03,D03,nan,20220427-dauerProtocol3-p001-m2X_D03_w1.TIF,20220427-dauerProtocol3-p001-m2X_D03_w2.TIF,wellmask_98.png,/Users/timcrombie/Desktop/CP_test3/raw_images,/Users/timcrombie/Desktop/CP_test3/raw_images,/Users/timcrombie/Desktop/CP_test3/well_mask,0,0,784.3820224719101,581.5280898876405,0,22
3,23,dauerProtocol3,20220427,nan,0,m2X,p001,0,D03,D03,nan,20220427-dauerProtocol3-p001-m2X_D03_w1.TIF,20220427-dauerProtocol3-p001-m2X_D03_w2.TIF,wellmask_98.png,/Users/timcrombie/Desktop/CP_test3/raw_images,/Users/timcrombie/Desktop/CP_test3/raw_images,/Users/timcrombie/Desktop/CP_test3/well_mask,0,0,477.19900497512435,605.2885572139304,0,23
3,24,dauerProtocol3,20220427,nan,0,m2X,p001,0,D03,D03,nan,20220427-dauerProtocol3-p001-m2X_D03_w1.TIF,20220427-dauerProtocol3-p001-m2X_D03_w2.TIF,wellmask_98.png,/Users/timcrombie/Desktop/CP_test3/raw_images,/Users/timcrombie/Desktop/CP_test3/raw_images,/Users/timcrombie/Desktop/CP_test3/well_mask,2,1,1517.1832087015637,717.5180149558124,0,24
3,25,dauerProtocol3,20220427,nan,0,m2X,p001,0,D03,D03,nan,20220427-dauerProtocol3-p001-m2X_D03_w1.TIF,20220427-dauerProtocol3-p001-m2X_D03_w2.TIF,wellmask_98.png,/Users/timcrombie/Desktop/CP_test3/raw_images,/Users/timcrombie/Desktop/CP_test3/raw_images,/Users/timcrombie/Desktop/CP_test3/well_mask,0,0,185.16666666666666,706.9834254143647,0,25
3,26,dauerProtocol3,20220427,nan,0,m2X,p001,0,D03,D03,nan,20220427-dauerProtocol3-p001-m2X_D03_w1.TIF,20220427-dauerProtocol3-p001-m2X_D03_w2.TIF,wellmask_98.png,/Users/timcrombie/Desktop/CP_test3/raw_images,/Users/timcrombie/Desktop/CP_test3/raw_images,/Users/timcrombie/Desktop/CP_test3/well_mask,1,1,512.8782452999104,737.6284691136974,0,26
3,27,dauerProtocol3,20220427,nan,0,m2X,p001,0,D03,D03,nan,20220427-dauerProtocol3-p001-m2X_D03_w1.TIF,20220427-dauerProtocol3-p001-m2X_D03_w2.TIF,wellmask_98.png,/Users/timcrombie/Desktop/CP_test3/raw_images,/Users/timcrombie/Desktop/CP_test3/raw_images,/Users/timcrombie/Desktop/CP_test3/well_mask,0,0,737.0926174496644,758.8456375838927,0,27
3,28,dauerProtocol3,20220427,nan,0,m2X,p001,0,D03,D03,nan,20220427-dauerProtocol3-p001-m2X_D03_w1.TIF,20220427-dauerProtocol3-p001-m2X_D03_w2.TIF,wellmask_98.png,/Users/timcrombie/Desktop/CP_test3/raw_images,/Users/timcrombie/Desktop/CP_test3/raw_images,/Users/timcrombie/Desktop/CP_test3/well_mask,0,0,1118.392405063291,744.2911392405064,0,28
3,29,dauerProtocol3,20220427,nan,0,m2X,p001,0,D03,D03,nan,20220427-dauerProtocol3-p001-m2X_D03_w1.TIF,20220427-dauerProtocol3-p001-m2X_D03_w2.TIF,wellmask_98.png,/Users/timcrombie/Desktop/CP_test3/raw_images,/Users/timcrombie/Desktop/CP_test3/raw_images,/Users/timcrombie/Desktop/CP_test3/well_mask,1,1,769.0135989879823,954.6710942441492,0,29
3,30,dauerProtocol3,20220427,nan,0,m2X,p001,0,D03,D03,nan,20220427-dauerProtocol3-p001-m2X_D03_w1.TIF,20220427-dauerProtocol3-p001-m2X_D03_w2.TIF,wellmask_98.png,/Users/timcrombie/Desktop/CP_test3/raw_images,/Users/timcrombie/Desktop/CP_test3/raw_images,/Users/timcrombie/Desktop/CP_test3/well_mask,1,1,600.658203125,987.703515625,0,30
3,31,dauerProtocol3,20220427,nan,0,m2X,p001,0,D03,D03,nan,20220427-dauerProtocol3-p001-m2X_D03_w1.TIF,20220427-dauerProtocol3-p001-m2X_D03_w2.TIF,wellmask_98.png,/Users/timcrombie/Desktop/CP_test3/raw_images,/Users/timcrombie/Desktop/CP_test3/raw_images,/Users/timcrombie/Desktop/CP_test3/well_mask,0,0,626.625,997.9807692307693,0,31
3,32,dauerProtocol3,20220427,nan,0,m2X,p001,0,D03,D03,nan,20220427-dauerProtocol3-p001-m2X_D03_w1.TIF,20220427-dauerProtocol3-p001-m2X_D03_w2.TIF,wellmask_98.png,/Users/timcrombie/Desktop/CP_test3/raw_images,/Users/timcrombie/Desktop/CP_test3/raw_images,/Users/timcrombie/Desktop/CP_test3/well_mask,0,1,371.7392500859993,1089.9477124183006,0,32
3,33,dauerProtocol3,20220427,nan,0,m2X,p001,0,D03,D03,nan,20220427-dauerProtocol3-p001-m2X_D03_w1.TIF,20220427-dauerProtocol3-p001-m2X_D03_w2.TIF,wellmask_98.png,/Users/timcrombie/Desktop/CP_test3/raw_images,/Users/timcrombie/Desktop/CP_test3/raw_images,/Users/timcrombie/Desktop/CP_test3/well_mask,1,0,220.1706073249884,1190.793231339824,0,33
3,34,dauerProtocol3,20220427,nan,0,m2X,p001,0,D03,D03,nan,20220427-dauerProtocol3-p001-m2X_D03_w1.TIF,20220427-dauerProtocol3-p001-m2X_D03_w2.TIF,wellmask_98.png,/Users/timcrombie/Desktop/CP_test3/raw_images,/Users/timcrombie/Desktop/CP_test3/raw_images,/Users/timcrombie/Desktop/CP_test3/well_mask,0,1,1375.1440316686967,1128.584348355664,0,34
3,35,dauerProtocol3,20220427,nan,0,m2X,p001,0,D03,D03,nan,20220427-dauerProtocol3-p001-m2X_D03_w1.TIF,20220427-dauerProtocol3-p001-m2X_D03_w2.TIF,wellmask_98.png,/Users/timcrombie/Desktop/CP_test3/raw_images,/Users/timcrombie/Desktop/CP_test3/raw_images,/Users/timcrombie/Desktop/CP_test3/well_mask,1,1,628.0373952288846,1242.870728562218,0,35
3,36,dauerProtocol3,20220427,nan,0,m2X,p001,0,D03,D03,nan,20220427-dauerProtocol3-p001-m2X_D03_w1.TIF,20220427-dauerProtocol3-p001-m2X_D03_w2.TIF,wellmask_98.png,/Users/timcrombie/Desktop/CP_test3/raw_images,/Users/timcrombie/Desktop/CP_test3/raw_images,/Users/timcrombie/Desktop/CP_test3/well_mask,0,0,1689.2695035460993,1186.9929078014184,0,36
3,37,dauerProtocol3,20220427,nan,0,m2X,p001,0,D03,D03,nan,20220427-dauerProtocol3-p001-m2X_D03_w1.TIF,20220427-dauerProtocol3-p001-m2X_D03_w2.TIF,wellmask_98.png,/Users/timcrombie/Desktop/CP_test3/raw_images,/Users/timcrombie/Desktop/CP_test3/raw_images,/Users/timcrombie/Desktop/CP_test3/well_mask,2,1,1255.3692133985699,1237.5231464057208,0,37
3,38,dauerProtocol3,20220427,nan,0,m2X,p001,0,D03,D03,nan,20220427-dauerProtocol3-p001-m2X_D03_w1.TIF,20220427-dauerProtocol3-p001-m2X_D03_w2.TIF,wellmask_98.png,/Users/timcrombie/Desktop/CP_test3/raw_images,/Users/timcrombie/Desktop/CP_test3/raw_images,/Users/timcrombie/Desktop/CP_test3/well_mask,1,1,923.392425463336,1238.982272360999,0,38
3,39,dauerProtocol3,20220427,nan,0,m2X,p001,0,D03,D03,nan,20220427-dauerProtocol3-p001-m2X_D03_w1.TIF,20220427-dauerProtocol3-p001-m2X_D03_w2.TIF,wellmask_98.png,/Users/timcrombie/Desktop/CP_test3/raw_images,/Users/timcrombie/Desktop/CP_test3/raw_images,/Users/timcrombie/Desktop/CP_test3/well_mask,3,1,445.13116726835136,1324.1973525872443,0,39
3,40,dauerProtocol3,20220427,nan,0,m2X,p001,0,D03,D03,nan,20220427-dauerProtocol3-p001-m2X_D03_w1.TIF,20220427-dauerProtocol3-p001-m2X_D03_w2.TIF,wellmask_98.png,/Users/timcrombie/Desktop/CP_test3/raw_images,/Users/timcrombie/Desktop/CP_test3/raw_images,/Users/timcrombie/Desktop/CP_test3/well_mask,0,0,1719.196925329429,1274.48243045388,0,40
3,41,dauerProtocol3,20220427,nan,0,m2X,p001,0,D03,D03,nan,20220427-dauerProtocol3-p001-m2X_D03_w1.TIF,20220427-dauerProtocol3-p001-m2X_D03_w2.TIF,wellmask_98.png,/Users/timcrombie/Desktop/CP_test3/raw_images,/Users/timcrombie/Desktop/CP_test3/raw_images,/Users/timcrombie/Desktop/CP_test3/well_mask,1,1,1667.4268985095812,1354.3942512420156,0,41
3,42,dauerProtocol3,20220427,nan,0,m2X,p001,0,D03,D03,nan,20220427-dauerProtocol3-p001-m2X_D03_w1.TIF,20220427-dauerProtocol3-p001-m2X_D03_w2.TIF,wellmask_98.png,/Users/timcrombie/Desktop/CP_test3/raw_images,/Users/timcrombie/Desktop/CP_test3/raw_images,/Users/timcrombie/Desktop/CP_test3/well_mask,1,0,1555.7655502392345,1353.1866028708134,0,42
3,43,dauerProtocol3,20220427,nan,0,m2X,p001,0,D03,D03,nan,20220427-dauerProtocol3-p001-m2X_D03_w1.TIF,20220427-dauerProtocol3-p001-m2X_D03_w2.TIF,wellmask_98.png,/Users/timcrombie/Desktop/CP_test3/raw_images,/Users/timcrombie/Desktop/CP_test3/raw_images,/Users/timcrombie/Desktop/CP_test3/well_mask,0,0,396.3578947368421,1400.8842105263159,0,43
3,44,dauerProtocol3,20220427,nan,0,m2X,p001,0,D03,D03,nan,20220427-dauerProtocol3-p001-m2X_D03_w1.TIF,20220427-dauerProtocol3-p001-m2X_D03_w2.TIF,wellmask_98.png,/Users/timcrombie/Desktop/CP_test3/raw_images,/Users/timcrombie/Desktop/CP_test3/raw_images,/Users/timcrombie/Desktop/CP_test3/well_mask,1,0,303.4539521392313,1494.3408266860044,0,44
3,45,dauerProtocol3,20220427,nan,0,m2X,p001,0,D03,D03,nan,20220427-dauerProtocol3-p001-m2X_D03_w1.TIF,20220427-dauerProtocol3-p001-m2X_D03_w2.TIF,wellmask_98.png,/Users/timcrombie/Desktop/CP_test3/raw_images,/Users/timcrombie/Desktop/CP_test3/raw_images,/Users/timcrombie/Desktop/CP_test3/well_mask,1,0,354.83659730722155,1534.2392900856794,0,45
3,46,dauerProtocol3,20220427,nan,0,m2X,p001,0,D03,D03,nan,20220427-dauerProtocol3-p001-m2X_D03_w1.TIF,20220427-dauerProtocol3-p001-m2X_D03_w2.TIF,wellmask_98.png,/Users/timcrombie/Desktop/CP_test3/raw_images,/Users/timcrombie/Desktop/CP_test3/raw_images,/Users/timcrombie/Desktop/CP_test3/well_mask,0,1,1292.9683313032888,1632.9984774665043,0,46
3,47,dauerProtocol3,20220427,nan,0,m2X,p001,0,D03,D03,nan,20220427-dauerProtocol3-p001-m2X_D03_w1.TIF,20220427-dauerProtocol3-p001-m2X_D03_w2.TIF,wellmask_98.png,/Users/timcrombie/Desktop/CP_test3/raw_images,/Users/timcrombie/Desktop/CP_test3/raw_images,/Users/timcrombie/Desktop/CP_test3/well_mask,0,0,465.85375494071144,1542.1462450592885,0,47
3,48,dauerProtocol3,20220427,nan,0,m2X,p001,0,D03,D03,nan,20220427-dauerProtocol3-p001-m2X_D03_w1.TIF,20220427-dauerProtocol3-p001-m2X_D03_w2.TIF,wellmask_98.png,/Users/timcrombie/Desktop/CP_test3/raw_images,/Users/timcrombie/Desktop/CP_test3/raw_images,/Users/timcrombie/Desktop/CP_test3/well_mask,0,0,1330.4456928838952,1635.0505617977528,0,48
3,49,dauerProtocol3,20220427,nan,0,m2X,p001,0,D03,D03,nan,20220427-dauerProtocol3-p001-m2X_D03_w1.TIF,20220427-dauerProtocol3-p001-m2X_D03_w2.TIF,wellmask_98.png,/Users/timcrombie/Desktop/CP_test3/raw_images,/Users/timcrombie/Desktop/CP_test3/raw_images,/Users/timcrombie/Desktop/CP_test3/well_mask,0,0,1679.8245614035088,1672.8684210526317,0,49
3,50,dauerProtocol3,20220427,nan,0,m2X,p001,0,D03,D03,nan,20220427-dauerProtocol3-p001-m2X_D03_w1.TIF,20220427-dauerProtocol3-p001-m2X_D03_w2.TIF,wellmask_98.png,/Users/timcrombie/Desktop/CP_test3/raw_images,/Users/timcrombie/Desktop/CP_test3/raw_images,/Users/timcrombie/Desktop/CP_test3/well_mask,1,1,500.6922252010724,1710.2053619302949,0,50
3,51,dauerProtocol3,20220427,nan,0,m2X,p001,0,D03,D03,nan,20220427-dauerProtocol3-p001-m2X_D03_w1.TIF,20220427-dauerProtocol3-p001-m2X_D03_w2.TIF,wellmask_98.png,/Users/timcrombie/Desktop/CP_test3/raw_images,/Users/timcrombie/Desktop/CP_test3/raw_images,/Users/timcrombie/Desktop/CP_test3/well_mask,0,0,1441.22131147541,1706.5,0,51
3,52,dauerProtocol3,20220427,nan,0,m2X,p001,0,D03,D03,nan,20220427-dauerProtocol3-p001-m2X_D03_w1.TIF,20220427-dauerProtocol3-p001-m2X_D03_w2.TIF,wellmask_98.png,/Users/timcrombie/Desktop/CP_test3/raw_images,/Users/timcrombie/Desktop/CP_test3/raw_images,/Users/timcrombie/Desktop/CP_test3/well_mask,0,0,1116.1670146137787,1730.4405010438413,0,52
3,53,dauerProtocol3,20220427,nan,0,m2X,p001,0,D03,D03,nan,20220427-dauerProtocol3-p001-m2X_D03_w1.TIF,20220427-dauerProtocol3-p001-m2X_D03_w2.TIF,wellmask_98.png,/Users/timcrombie/Desktop/CP_test3/raw_images,/Users/timcrombie/Desktop/CP_test3/raw_images,/Users/timcrombie/Desktop/CP_test3/well_mask,0,0,1129.3947990543736,1922.387706855792,0,53
3,54,dauerProtocol3,20220427,nan,0,m2X,p001,0,D03,D03,nan,20220427-dauerProtocol3-p001-m2X_D03_w1.TIF,20220427-dauerProtocol3-p001-m2X_D03_w2.TIF,wellmask_98.png,/Users/timcrombie/Desktop/CP_test3/raw_images,/Users/timcrombie/Desktop/CP_test3/raw_images,/Users/timcrombie/Desktop/CP_test3/well_mask,0,0,1055.0969696969696,1933.1959595959595,0,54
